Job Title,Company Name,Job Location,Required Experience,Full Job Description
Data Engineer,Company Industry IT - Software Services,Experience 5 - 10 Years Job Location Beirut - Lebanon Education Any Graduation Nationality Lebanese Gender Any Vacancy 1 Vacancy,Experience 5 - 10 Years Job Location Beirut - Lebanon Education Any Graduation Nationality Lebanese Gender Any Vacancy 1 Vacancy,"Job Description Roles & Responsibilities Job Description: The Data Engineer will perform the following tasks: Design, build, and maintain ETL/ELT pipelines. Automate data ingestion from various sources (databases, APIs, streaming services). Implement data validation and quality checks. Use platforms like Azure for cloud-based data solutions. Work with Data Scientists and Full stack Web Developers to provide clean, reliable data. Create and maintain comprehensive technical documentation, including user manuals, training materials, and product specifications, also developing functional specifications. Provide ongoing support for deployed pipelines including version control, data recovery processes, and deployment strategies. Research emerging technologies and industry trends, staying up to date with developments in the field, and actively assisting in testing and evaluating new products, tools, and technologies. The Data Engineer is expected to fulfil the following deliverables: Completed project plan at project inception. Technical documentation and user manuals for assigned tasks, including dataflow and entity relationship diagrams. Progress reports with time sheets reflecting task fulfilment and project progress. Final source code, design assets, documentation and all related components to pipelines and applications are being developed. Other related deliverables as needed. Qualifications A minimum high school diploma with a certification or degree in Information Systems, Information Technology, Computer Science, Statistics or related area is required. A minimum of 5+ years of professional experience with Python, SQL, cloud environments container orchestration (Kubernetes), and DevOps automation is required."
Applied AI & Data Engineer,"Experience 5 - 10 Years Job Location Remote (Company based out of Chandigarh, Chennai, Bangalore - India) Education Master of Technology/Engineering(Computers) Nationality Indian Gender Any Vacancy 1 Vacancy","Experience 5 - 10 Years Job Location Remote (Company based out of Chandigarh, Chennai, Bangalore - India) Education Master of Technology/Engineering(Computers) Nationality Indian Gender Any Vacancy 1 Vacancy","Experience 5 - 10 Years Job Location Remote (Company based out of Chandigarh, Chennai, Bangalore - India) Education Master of Technology/Engineering(Computers) Nationality Indian Gender Any Vacancy 1 Vacancy","Job Description Roles & Responsibilities What You’ll Do Build AI assistants using tool calling to work with real product, search, and order systems Design guardrails and evaluation sets to ensure AI responses are accurate and safe Build real-time and voice-enabled AI experiences Improve product data quality through AI-assisted enrichment and review workflows Build data pipelines, analytics, and personalisation systems Work closely with web and mobile developers and help guide technical implementation"
FinTech Data Engineer,Company Industry RecruitmentPlacement FirmExecutive Search,"Experience 4 - 8 Years Monthly Salary AED 200,000 - 800,000 ($54,001 - $216,001) Job Location Dubai - United Arab Emirates (UAE) Education Master of Technology/Engineering(Computers) Nationality Any GCC National Gender Any Vacancy 1 Vacancy","Experience 4 - 8 Years Monthly Salary AED 200,000 - 800,000 ($54,001 - $216,001) Job Location Dubai - United Arab Emirates (UAE) Education Master of Technology/Engineering(Computers) Nationality Any GCC National Gender Any Vacancy 1 Vacancy","Job Description Roles & Responsibilities FinTech Data Engineer Experience: 4–8 years Job Summary: Build scalable data pipelines and platforms for financial transaction, customer and risk data. Key Responsibilities: Develop batch and real-time data pipelines. Process large financial datasets. Build ETL/ELT workflows. Integrate structured and unstructured data. Optimize data processing and storage. Ensure data quality and governance."
Data Engineer,Company Industry RecruitmentPlacement FirmExecutive Search,"Experience 4 - 9 Years Job Location Dubai - United Arab Emirates (UAE) Education Master of Technology/Engineering(Computers), Master of Science(Computers) Nationality Any GCC National Gender Any Vacancy 1 Vacancy","Experience 4 - 9 Years Job Location Dubai - United Arab Emirates (UAE) Education Master of Technology/Engineering(Computers), Master of Science(Computers) Nationality Any GCC National Gender Any Vacancy 1 Vacancy","Job Description Roles & Responsibilities Job Description – Data Engineer (PySpark / Databricks) Position Data Engineer – PySpark / Databricks Experience 4–8 Years Location UAE – Dubai / Abu Dhabi Employment Type Full-Time / Contract Work Mode Onsite / Hybrid – As per client requirement Role Overview We are looking for an experienced Data Engineer with strong expertise in PySpark, Python, SQL, Databricks, and cloud data platforms to design, develop, and maintain scalable data pipelines and data processing solutions. The ideal candidate should have hands-on experience working with large datasets, developing ETL/ELT pipelines, implementing data transformations, optimizing Spark workloads, and building cloud-based data platforms. Key Responsibilities Design, develop, and maintain scalable data pipelines and ETL/ELT workflows. Develop high-performance data processing solutions using PySpark and Apache Spark. Build data pipelines to ingest data from databases, APIs, files, applications, and other sources. Perform data cleansing, transformation, aggregation, and validation. Develop and optimize Spark SQL and PySpark jobs. Work with structured, semi-structured, and unstructured data. Implement data pipelines using Databricks and cloud-based data platforms. Optimize Spark jobs for performance, scalability, memory utilization, and processing time. Implement data quality, validation, monitoring, and error-handling mechanisms. Work with data lakes, lakehouses, and data warehouse environments. Develop reusable and scalable data engineering frameworks. Collaborate with Data Architects, Data Scientists, Business Analysts, and application teams. Troubleshoot production data pipeline issues and perform root-cause analysis. Participate in code reviews, testing, deployment, and production support. Maintain technical documentation for data pipelines and data architecture. Mandatory Skills 4–8 years of experience in Data Engineering. Strong hands-on experience with PySpark and Apache Spark. Strong programming experience in Python. Strong proficiency in SQL. Experience developing ETL/ELT pipelines. Hands-on experience with Databricks. Strong understanding of Spark architecture, DataFrames, Spark SQL, transformations, and actions. Experience working with large-volume datasets. Good understanding of data warehousing and data lake concepts. Experience with relational and NoSQL databases. Knowledge of data pipeline performance tuning and optimization. Experience working with at least one major cloud platform – Azure, AWS, or GCP. Cloud & Data Technologies Candidates with experience in one or more of the following will be preferred: Azure Azure Data Factory Azure Databricks Azure Data Lake Storage Azure Synapse Microsoft Fabric AWS AWS Glue Amazon EMR Amazon S3 Redshift Kinesis GCP BigQuery Dataflow Dataproc Cloud Storage Good-to-Have Skills Delta Lake / Lakehouse architecture Apache Kafka Apache Airflow Snowflake dbt Hadoop / Hive Data modelling Data governance and data quality Docker and Kubernetes CI/CD Git / GitHub / GitLab Terraform Experience with real-time / streaming data pipelines Exposure to Generative AI / ML data pipelines Preferred Technology Stack Programming: Python, SQL Big Data: Apache Spark, PySpark, Kafka Data Platform: Databricks, Delta Lake, Snowflake Cloud: Azure / AWS / GCP Orchestration: Airflow / Azure Data Factory DevOps: Git, CI/CD, Docker, Kubernetes Candidate Profile The ideal candidate should: Have strong analytical and problem-solving skills. Be experienced in designing scalable data solutions. Have strong debugging and troubleshooting capabilities. Understand data architecture and data lifecycle concepts. Be comfortable working with large and complex datasets. Have good communication and stakeholder-management skills. Be able to work independently as well as collaboratively in a multicultural environment. Have experience working in enterprise or large-scale data environments. Education Bachelor's or Master's degree in Computer Science, Information Technology, Engineering, Data Science, or a related discipline."
Data Engineer,Company Industry RecruitmentPlacement FirmExecutive Search,"Experience 5 - 8 Years Job Location Abu Dhabi - United Arab Emirates (UAE) Education Bachelor of Science(Computers), MBA/PG Diploma in Business Mgmt(Information Technology) Nationality Any Nationality Gender Any Vacancy 1 Vacancy","Experience 5 - 8 Years Job Location Abu Dhabi - United Arab Emirates (UAE) Education Bachelor of Science(Computers), MBA/PG Diploma in Business Mgmt(Information Technology) Nationality Any Nationality Gender Any Vacancy 1 Vacancy","Job Description Roles & Responsibilities We are looking for an experienced Data Engineer with strong expertise in building scalable ETL/ELT pipelines, data integration frameworks, and cloud-based data solutions. The candidate will be responsible for developing reliable data platforms to support enterprise analytics, AI, and reporting requirements. Key Responsibilities Design, develop, and maintain scalable ETL/ELT data pipelines. Build data integration and transformation solutions using cloud technologies. Develop data models, data warehouses, and real-time data processing solutions. Implement data quality, validation, security, and performance optimisation practices. Support AI/ML and analytics workloads and collaborate with Data Scientists and business teams. Implement CI/CD and MLOps practices for automated and reliable data deployments."
Dicetek LLC,,,"CX Manager (Service Designer) Dicetek LLC 4 - 8 YearsAbu Dhabi - United Arab Emirates (UAE) Lead end-to-end guest journey design, operational service models, and digital solutions while ensuring alignment with customer experience and service standards. Easy Apply 17 Sep",
Senior Data Engineer (Arabic Speaker),Company Industry RecruitmentPlacement FirmExecutive Search,"Experience 10 - 15 Years Job Location Dubai - United Arab Emirates (UAE) Education Bachelors in Computer Application(Computers), Master of Science(Computers) Nationality Any Nationality Gender Any Vacancy 1 Vacancy","Experience 10 - 15 Years Job Location Dubai - United Arab Emirates (UAE) Education Bachelors in Computer Application(Computers), Master of Science(Computers) Nationality Any Nationality Gender Any Vacancy 1 Vacancy","Job Description Roles & Responsibilities Design, build, and maintain scalable and robust data pipelines, ensuring seamless data flow from source systems to analytical platforms. Develop and optimize complex ETL/ELT processes, transforming raw data into structured, analysis-ready datasets for business intelligence and machine learning initiatives. Architect and implement data warehousing solutions, employing best practices for data modeling, schema design, and performance tuning. Integrate diverse data sources, including relational databases, NoSQL stores, APIs, and streaming platforms, ensuring data quality and consistency."
Data Engineer/Test Confidential Company,Data Engineer/Test Confidential Company Posted on 2 Sep Easy Apply,Experience 5 - 10 Years Job Location Abu Dhabi(Al Reem Island) - United Arab Emirates (UAE) Education Bachelor of Technology/Engineering(Computers) Nationality Any Arab National Gender Any Vacancy 1 Vacancy,Experience 5 - 10 Years Job Location Abu Dhabi(Al Reem Island) - United Arab Emirates (UAE) Education Bachelor of Technology/Engineering(Computers) Nationality Any Arab National Gender Any Vacancy 1 Vacancy,"Job Description Roles & Responsibilities Design, build, and maintain scalable and robust data pipelines for efficient data ingestion, transformation, and loading. Develop and implement automated testing frameworks for data quality, data integrity, and pipeline performance. Collaborate with data scientists and analysts to understand data requirements and translate them into technical solutions. Optimize data warehouse and data lake performance, ensuring efficient query execution and data accessibility."
Data Engineer Confidential Company,Data Engineer Confidential Company Multiple Vacancies Employer Active Posted on 6 Sep Easy Apply,"Experience 5 - 10 Years Job Location Wakra, Doha - Qatar Education Master of Science(Computers) Nationality Any Anglophone National, Any Arab National, Any GCC National, Any European National Gender Male Vacancy 2 Vacancies","Experience 5 - 10 Years Job Location Wakra, Doha - Qatar Education Master of Science(Computers) Nationality Any Anglophone National, Any Arab National, Any GCC National, Any European National Gender Male Vacancy 2 Vacancies","Job Description Roles & Responsibilities Design, develop, and maintain data ingestion, transformation, and orchestration pipelines using Microsoft Fabric and Azure Data Factory (ADF). Build and manage ETL/ELT processes for structured and unstructured data sources. Develop and optimize data models, data lakes, and data warehouses within the Azure ecosystem. Integrate data from multiple on-premises and cloud-based systems. Monitor, troubleshoot, and optimize data pipelines to ensure reliability and performance. Implement data quality, governance, and security best practices. Collaborate with business analysts, data scientists, and stakeholders to understand data requirements. Develop and maintain technical documentation, data dictionaries, and operational procedures. Support reporting and analytics platforms such as Power BI. Participate in data platform modernization and cloud migration initiatives.implementing improvements."
Senior Data Engineer Capco,Company Industry BankingFinancial ServicesBroking,Experience 7 - 12 Years Job Location United Arab Emirates - United Arab Emirates Education Bachelor of Science(Computers) Nationality Any Nationality Vacancy 1 Vacancy,Experience 7 - 12 Years Job Location United Arab Emirates - United Arab Emirates Education Bachelor of Science(Computers) Nationality Any Nationality Vacancy 1 Vacancy,"Job Description Roles & Responsibilities Build robust, enterprise-scale data solutions at the heart of a major financial services transformation. The Role We are looking for an experienced Snowflake Data Engineer to provide specialist data engineering services for a leading financial institution in the Middle East. You will be responsible for delivering robust, supportable data pipelines and curated datasets aligned with unified data platform standards. The engagement covers the full data lifecycle, from ingestion and transformation through to data quality, monitoring, documentation and operational handover. The engagement is expected to run for one year and requires relocation to the Middle East for its duration . You will collaborate with client and project teams to deliver the agreed data engineering scope and project outcomes. What You ll Do Design, configure and implement Snowflake data engineering components, including Tasks, Streams, Snowpipe Streaming, dbt Projects and Iceberg tables. Deliver source-to-target mappings and reliable ingestion pipelines from agreed source systems into the unified data platform. Develop curated data models for analytical use cases, incorporating data quality checks, reconciliation logic and monitoring. Create and maintain technical documentation and runbooks covering data lineage, dependencies, operational procedures and ongoing support. Coordinate activities with governance and architecture counterparts on ownership, classification, access controls and metadata, while supporting deployment, stabilization, performance tuning and knowledge transfer. Bonus Points For Experience providing services across enterprise-scale unified data platforms and complex source-system landscapes. Familiarity with data governance principles, including data ownership, classification, metadata, lineage and access controls. Experience supporting production deployment, stabilization and performance-tuning activities. Experience collaborating with architecture, governance and cross-functional engineering teams on large transformation programmes. ONLINE RECRUITMENT PROCESS STEPS Screening call with the Recruiter Hiring Manager Technical Interview Client Interview Feedback/Offer We offer a flexible collaboration model based on a B2B contract, with the opportunity to work on diverse projects. #LI-ONSITE"
Data Engineer STMicroelectronics,Company Industry Consumer DurablesConsumer Electronics,"Experience 0 - 5 Years Job Location Agadir - Morocco Education Bachelor of Technology/Engineering, Master of Technology/Engineering Nationality Any Nationality Vacancy 1 Vacancy","Experience 0 - 5 Years Job Location Agadir - Morocco Education Bachelor of Technology/Engineering, Master of Technology/Engineering Nationality Any Nationality Vacancy 1 Vacancy","Job Description Roles & Responsibilities Data engineers collect, transform and store data using pipelines and storage systems. This involves extracting data from various data source systems, transforming it into the staging area, and loading it into database, data warehouse or data lake systems. The Data Engineer ensures quantitative and qualitative access to data sources. He/she ensures availability of data and guarantees the quality of its use in-order-to facilitate its exploitation by Data analysts and Data scientists. His/her scope of intervention is focused on application systems around data management and processing and on Big Data, IoT platforms."
AWS Data Engineer Client of Salt,Company Industry IT - Software Services,Experience 5 - 10 Years Job Location Abu Dhabi - United Arab Emirates Education Bachelor of Science(Computers) Nationality Any Nationality Vacancy 1 Vacancy,Experience 5 - 10 Years Job Location Abu Dhabi - United Arab Emirates Education Bachelor of Science(Computers) Nationality Any Nationality Vacancy 1 Vacancy,"Job Description Roles & Responsibilities Contract Length 6 Months (view to extend) Start Date ASAP The role will focus on building scalable AWS-based ingestion pipelines, optimizing performance, and ensuring alignment with architecture and data quality standards. Key Responsibilities: Build and maintain data ingestion pipelines using AWS Glue, PySpark, S3, Athena, and Lambda. Implement CDC, full load, delta, snapshot, and historical loading patterns. Develop and optimize Bronze-layer ingestion pipelines. Improve pipeline performance through partitioning, parallelization, and AWS best practices. Automate deployment and infrastructure using Git and Terraform. Ensure pipelines comply with data contracts, monitoring, and data quality standards. Work closely with Data Architects, Data Assurance, and Platform teams. Identify opportunities to automate repetitive migration and engineering activities."
Big Data Engineer L2 Alef Education,Company Industry IT - Software Services,"Experience 5 - 10 Years Job Location Abu Dhabi - United Arab Emirates Education Bachelor of Technology/Engineering(Computers), MBA/PG Diploma in Business Mgmt(Information Technology) Nationality Any Nationality Vacancy 1 Vacancy","Experience 5 - 10 Years Job Location Abu Dhabi - United Arab Emirates Education Bachelor of Technology/Engineering(Computers), MBA/PG Diploma in Business Mgmt(Information Technology) Nationality Any Nationality Vacancy 1 Vacancy","Job Description Roles & Responsibilities Key Responsibilities Defining and developing services and solutions Define, design, and develop services and solutions around large data ingestion, storage, and management such as withRDBMS, No SQL DBs, Log Files, Events. Define, design, and run robust data pipelines/batch jobs in a production environment. Architecting highly scalable, highly concurrent, and low latency systems Maintain, support, and enhance current systems. Contribute to paying down technical debt and use development approaches that minimize the growth of new technical debt. Contribute feedback to improve the quality, readability, and testability of the code base within your team. Mentor and train other developers in a non-line management capacity. Build tools (One of SBT, Gradle, Maven). Ensure all software built is robust and scalable. Collaborating with Internal and external stakeholders Participating in sprint planning to work with developers and project teams to ensure projects are deployable and monitorable from the outside. Work with third-party and other internal providers to support a variety of integrations. As part of the team, you may be expected to participate in some of the 2nd line in-house support and Out-of-Hours support rotas. Proactively advise on best practices."
Senior Data Engineer (Spark) SSC Egypt,Company Industry ConsultingManagement ConsultingAdvisory Services,Experience 5 - 10 Years Job Location Cairo - Egypt Education Bachelors in Computer Application(Computers) Nationality Any Nationality Vacancy 1 Vacancy,Experience 5 - 10 Years Job Location Cairo - Egypt Education Bachelors in Computer Application(Computers) Nationality Any Nationality Vacancy 1 Vacancy,"Job Description Roles & Responsibilities Builds and runs large scale batch data pipelines, keeping jobs fast and affordable as data volumes grow. Works with Apache Spark to build and manage large scale data processing jobs, including performance tuning to maintain efficient and reliable pipeline execution. Supports data modelling for analytics and organises data in a lakehouse so it is usable downstream. Handles automated scheduling, monitoring, and data quality checks, while working with platform and product teams on end to end data flows."
Senior Consultant - Data Engineering,Company Industry Retail,"Experience 5 - 10 Years Job Location Abu Dhabi - United Arab Emirates (UAE) Education Bachelor of Technology/Engineering, Master of Technology/Engineering(Computers) Nationality Indian, Any GCC National Gender Any Vacancy 1 Vacancy","Experience 5 - 10 Years Job Location Abu Dhabi - United Arab Emirates (UAE) Education Bachelor of Technology/Engineering, Master of Technology/Engineering(Computers) Nationality Indian, Any GCC National Gender Any Vacancy 1 Vacancy","Job Description Roles & Responsibilities Design and implement scalable data platforms on Snowflake for retail analytics Build and optimize ELT pipelines for retail data (POS, e-commerce, CRM, inventory, supply chain) Leverage Snowflake Cortex to enable AI-driven use cases such as: Customer segmentation & personalization, Product recommendations, promo analysis Integrate data from multiple retail systems (ERP, OMS, WMS, e-commerce platforms) Develop data models for key retail metrics (sales, margins, inventory turnover, basket analysis) Ensure data quality, governance, and compliance across datasets Optimize Snowflake performance and cost for large-scale retail workloads Collaborate with business stakeholders (merchandising, marketing, supply chain teams) Enable near real-time analytics for inventory and order tracking"
MAIR GROUP - P.J.S.C,,,,
"Manager - Model Implementation, Data Engineering and IFRS9 Risk Data",Company Industry RecruitmentPlacement FirmExecutive Search,"Experience 6 - 12 Years Monthly Salary AED 17,000 - 25,000 ($4,591 - $6,751) Job Location Abu Dhabi, Dubai, Al Ain - United Arab Emirates (UAE) Education MBA/PG Diploma in Business Mgmt(Finance) Nationality Any Arab National, Any European National, Indian Gender Any Vacancy 2 Vacancies","Experience 6 - 12 Years Monthly Salary AED 17,000 - 25,000 ($4,591 - $6,751) Job Location Abu Dhabi, Dubai, Al Ain - United Arab Emirates (UAE) Education MBA/PG Diploma in Business Mgmt(Finance) Nationality Any Arab National, Any European National, Indian Gender Any Vacancy 2 Vacancies","Job Description Roles & Responsibilities Nair Systems is currently looking for Manager - Model Implementation, Data Engineering and IFRS9 Risk Data for our UAE operations Role Purpose: This role demands a highly technical, data-driven professional with strong expertise in ETL pipeline development, credit risk data management, and IFRS9 model support. The incumbent will lead the design, implementation, and governance of end-to-end risk data pipelines, ensuring alignment with regulatory and modelling requirements. As part of the ERM – Risk Function, the Risk Data Management team plays a critical role in meeting CBUAE, IFRS9, and Basel II/III requirements. The role is responsible for ensuring availability, accuracy, and traceability of data used in PD, LGD, and EAD models, including default tagging, post-default events, recovery tracking, and exposure computation. Core Domain Expertise: IFRS9, Basel II/III, PD/LGD/EAD modelling, credit risk data lifecycle Preferred Tools & Technologies: SQL (Impala, Hive, Oracle), Python, SAS, Cloudera CDP, Power BI, SAP BO Key Responsibilities: ETL & Risk Data Engineering Design, develop and maintain scalable ETL pipelines using SQL, Python, and SAS Support datasets for default identification, post-default events, recovery, and exposure Implement incremental and full-load strategies ensuring no duplication or leakage Optimize SQL for large-scale distributed processing environments Integrate data from core banking, collections, GSAM, and external sources IFRS9 & Credit Risk Data Management Translating IFRS9 methodology into technical data pipelines Support PD, LGD, EAD model data preparation Implement staging (Stage 1/2/3), default, and curing logic Handle recoveries, write-offs, restructures, and exposure calculations Model Implementation & Validation Support Provision model-ready datasets for deployment Support feature engineering, segmentation, and backtesting datasets Perform reconciliation with developed/reference outputs and identify mismatches Data Quality & Governance Develop DQ frameworks covering completeness, accuracy, and consistency Perform root cause analysis on data issues Ensure full data lineage and traceability Risk Technology & System Integration Collaborate with IT for system integration and model deployment Support risk system migration and upgrades Perform testing for data migration and model accuracy Automation & Reporting Automate regulatory and internal reporting processes Prepare datasets for dashboards and regulatory submissions Support reporting tools such as Power BI and BusinessObjects"
Data Engineer,Company Industry ConstructionCivil Engineering,Experience 5 - 8 Years Job Location Dubai - United Arab Emirates (UAE) Education Bachelor of Technology/Engineering(Computers) Nationality Any Nationality Gender Any Vacancy 1 Vacancy,Experience 5 - 8 Years Job Location Dubai - United Arab Emirates (UAE) Education Bachelor of Technology/Engineering(Computers) Nationality Any Nationality Gender Any Vacancy 1 Vacancy,"Job Description Roles & Responsibilities Role Purpose : The Data Engineer prepares the Group’s enterprise data and knowledge sources so that AI, Generative AI, and Agentic AI solutions operate on information that is accurate, current, governed, and fit for purpose. Spanning structured data in core business systems and unstructured content across documents, policies, and correspondence, the role builds and maintains the pipelines and knowledge repositories that underpin retrieval-augmented AI. It is the control point that ensures agents draw only on trusted, approved sources — making this role the single greatest determinant of whether the Group’s AI outputs can be relied upon in business decisions ▶ Data Preparation for AI Use Cases – Prepare enterprise data and knowledge sources for AI use cases, working from prioritised business requirements defined with the AI / Agentic AI Lead. – Support data extraction, cleansing, classification, tagging, and indexing across structured, semi-structured, and unstructured sources. – Build and maintain ingestion pipelines from ERP, CRM, HRMS, procurement systems, the data lake, and document repositories. – Design chunking, metadata, and enrichment strategies that materially improve retrieval relevance and answer quality. – Handle multi-format content — PDF, Office documents, scanned material, and email — including OCR and text extraction where required. ▶ Knowledge Repositories & RAG Enablement – Build and maintain knowledge repositories for RAG-based AI solutions, including embedding generation, vector store management, and index refresh cycles. – Implement versioning and change detection so that repositories remain synchronised with authoritative source systems. – Define and apply access controls at the data layer so that retrieval respects existing entitlement and confidentiality boundaries. – Measure and tune retrieval performance, working with AI engineers to diagnose grounding failures and improve recall and precision. ▶ Data Quality & Master Data Readiness – Work with functional and technical teams to improve data quality and master data readiness across customer, vendor, product, employee, and asset domains. – Profile source data to quantify completeness, consistency, duplication, and timeliness, and report readiness objectively to initiative sponsors. – Implement automated data quality rules, validation checks, and exception reporting within pipelines. – Support remediation of root-cause data issues with business data owners rather than correcting symptoms downstream. ▶ Governance, Trust & Security – Ensure AI agents use trusted, approved, and governed data sources, and that unapproved or unclassified content is excluded from AI consumption. – Apply data classification, retention, and privacy requirements in line with Group policy and UAE data protection regulation. – Maintain lineage and cataloguing so that any AI output can be traced back to its underlying source with confidence. – Collaborate with Cybersecurity and Compliance on access reviews, data residency, encryption, and audit evidence. ▶ Platform Operations & Collaboration – Operate and optimize cloud data platforms and pipelines for reliability, performance, and cost efficiency. – Monitor pipeline health, resolve failures, and maintain documentation, runbooks, and operational handover materials. – Partner with AI engineers, application teams, and business analysts throughout the delivery cycle, from discovery to production support. – Contribute to Group data standards, reusable pipeline patterns, and shared engineering practice."
Al Gurg Group,,,,
Snowflake Data Engineer,Company Industry HotelsHospitality,"Experience 8 - 15 Years Job Location Dubai - United Arab Emirates (UAE) Education Secondary School, Intermediate School, Any Graduation Nationality Indian Gender Any Vacancy 1 Vacancy","Experience 8 - 15 Years Job Location Dubai - United Arab Emirates (UAE) Education Secondary School, Intermediate School, Any Graduation Nationality Indian Gender Any Vacancy 1 Vacancy","Job Description Roles & Responsibilities Design, develop, and maintain scalable data pipelines using Snowflake. Build and optimize ELT workflows using dbt. Develop and orchestrate data pipelines using Apache Airflow. Design and implement efficient data models to support analytical and business reporting requirements. Perform data ingestion from multiple structured and semi-structured data sources. Optimize Snowflake performance through query tuning, clustering, partitioning, and warehouse optimization. Develop reusable, scalable, and maintainable SQL transformations. Implement data quality checks, validation, and monitoring processes. Collaborate with Data Architects, Business Analysts, BI Developers, and cross-functional teams to deliver robust data solutions. Troubleshoot production issues and ensure high availability of data pipelines. Follow best practices for version control, CI/CD, testing, and documentation."
Snowflake Data Engineer,Company Industry HotelsHospitality,"Experience 8 - 15 Years Job Location Dubai - United Arab Emirates (UAE) Education Secondary School, Intermediate School, Any Graduation Nationality Indian Gender Any Vacancy 1 Vacancy","Experience 8 - 15 Years Job Location Dubai - United Arab Emirates (UAE) Education Secondary School, Intermediate School, Any Graduation Nationality Indian Gender Any Vacancy 1 Vacancy","Job Description Roles & Responsibilities Design, develop, and maintain scalable data pipelines using Snowflake. Build and optimize ELT workflows using dbt. Develop and orchestrate data pipelines using Apache Airflow. Design and implement efficient data models to support analytical and business reporting requirements. Perform data ingestion from multiple structured and semi-structured data sources. Optimize Snowflake performance through query tuning, clustering, partitioning, and warehouse optimization. Develop reusable, scalable, and maintainable SQL transformations. Implement data quality checks, validation, and monitoring processes. Collaborate with Data Architects, Business Analysts, BI Developers, and cross-functional teams to deliver robust data solutions. Troubleshoot production issues and ensure high availability of data pipelines. Follow best practices for version control, CI/CD, testing, and documentation."
Data Engineer,Company Industry RecruitmentPlacement FirmExecutive Search,"Experience 4 - 8 Years Job Location Dubai - United Arab Emirates (UAE) Education Master of Science(Computers), MBA/PG Diploma in Business Mgmt(Information Technology) Nationality Any Nationality Gender Any Vacancy 1 Vacancy","Experience 4 - 8 Years Job Location Dubai - United Arab Emirates (UAE) Education Master of Science(Computers), MBA/PG Diploma in Business Mgmt(Information Technology) Nationality Any Nationality Gender Any Vacancy 1 Vacancy",Job Description Roles & Responsibilities Design and implement robust data pipelines that ensure seamless data flow from various sources to data storage solutions. Optimize data ingestion and transformation processes to improve performance and reduce latency for real-time analytics. Collaborate with data scientists and analysts to understand data requirements and translate them into technical specifications. Ensure data quality and integrity by implementing automated data validation and monitoring systems.
Senior Data Engineer (Investment Data),Company Industry IT - Software Services,Experience 5 - 10 Years Job Location Abu Dhabi - United Arab Emirates Education Bachelor of Technology/Engineering(Computers) Nationality Any Nationality Vacancy 1 Vacancy,Experience 5 - 10 Years Job Location Abu Dhabi - United Arab Emirates Education Bachelor of Technology/Engineering(Computers) Nationality Any Nationality Vacancy 1 Vacancy,"Job Description Roles & Responsibilities Project description We re looking for an experienced, hands-on Data Engineer who is capable of designing, building, and operating data pipelines and models that power analytics and applications across investment teams and Middle/Back office. The ideal candidate has financial markets familiarity (securities, prices, corporate actions, positions/holdings) and thrives in ambiguous environments proactively shaping solutions, not waiting for tickets. You ll own data end-to-end: from ingesting vendor and internal sources, to modeling in our lakehouse, to making data discoverable, reliable, and cost-efficient. You ll partner closely with BAs/PMs and quants, anticipate downstream needs, and propose pragmatic architectures that balance speed, governance, and scalability. Responsibilities Participate in requirements clarification and sprint planning sessions. Design technical solutions and implement them, inc ETL Pipelines Build robust data pipelines in PySpark to extract, transform, using PySpark Optimize ETL Processes Enhance and tune existing ETL processes for better performance, scalability, and reliability Writing unit and integration tests. Support QA teammates in the acceptance process. Resolving PROD incidents as a 3rd line engineer. Skills Must have Bachelor s degree (Computer Science, Engineering, Information Systems, or related discipline). 5+ years experience in data engineering roles (flexible based on depth of capability). Strong hands-on experience with Databricks in production environments (prerequisite). Strong programming experience with PySpark (must) and strong SQL (must). Proven experience with Declarative Pipelines / pipeline orchestration on Databricks (prerequisite). Strong understanding of data engineering fundamentals: ingestion patterns, transformation design, incremental processing, testing, performance tuning. Experience delivering production-ready datasets with appropriate operational controls (monitoring, troubleshooting, reliability patterns). Experience with modern Lakehouse concepts (Delta tables, optimization strategies, file skipping, metadata/statistics awareness). Exposure to data governance practices: cataloguing, documentation, business glossary/terms, lineage. Experience working in enterprise environments with CI/CD pipelines and structured release processes. Familiarity with vendor market data feeds (e.g., Bloomberg, Refinitiv, MSCI, FactSet) or similar multi-source mastering patterns. Nice to have Strong Hands-on Expertise in Palantir Foundry. Proven experience with Foundry pipelines, ontologies, data lineage, transformations, and platform governance. Proven Migration Experience from Palantir / to Databricks. Demonstrated experience leading or executing platform migrations, including pipeline conversion, data model redesign, and production cutover. Familiarity with Dynatrace or Datadog for system observability and monitoring. Databricks certification, cloud certifications (Azure/AWS), or enterprise data architecture certifications. Other Languages English: C1 Advanced"
Luxoft,,,"Senior Data Engineer (Investment Data) Luxoft 5 - 10 YearsAbu Dhabi - United Arab Emirates Seeking a Data Engineer to design and optimize data pipelines using PySpark and Databricks, with strong data governance and production experience. 18 Sep",
Senior Data Engineer,Company Industry IT - Software Services,Experience 7 - 30 Years Job Location Abu Dhabi - United Arab Emirates Education Bachelor of Science(Computers) Nationality Any Nationality Vacancy 1 Vacancy,Experience 7 - 30 Years Job Location Abu Dhabi - United Arab Emirates Education Bachelor of Science(Computers) Nationality Any Nationality Vacancy 1 Vacancy,"Job Description Roles & Responsibilities Project description Senior data engineer developing and operating Databricks / Spark pipelines and Delta Lake lakehouse layers on Azure for the Client. Accountable for pipeline reliability, data freshness and dataset quality against agreed SLAs. Key tasks Develop and operate Databricks / Spark pipelines (PySpark, SQL, Delta Live Tables or Workflows). Design Delta Lake / lakehouse layers (bronze silver gold), partitioning and Unity Catalog governance. Build ETL/ELT jobs and orchestration with Azure Data Factory and/or Airflow; manage dependencies and retries. Implement data-quality checks and validation (expectations, reconciliation, anomaly alerts). Tune Spark job performance and cluster cost (autoscaling, Photon, job clusters, spot). Manage schema evolution and change control; document lineage and transformations. Responsibilities Pipeline reliability and data freshness against agreed SLAs. Accuracy and completeness of curated datasets. Schema change management and backward compatibility for downstream consumers. Documentation of data lineage and transformations (Unity Catalog, data catalogue). Skills Must have Bachelor's degree in Computer Science, Engineering, Information Systems or a related field, or equivalent practical experience. 7+ years in data engineering, of which 3+ on Databricks / Apache Spark and 2+ on Azure data services (ADF, ADLS, Delta Lake). Databricks (Workflows, Delta Live Tables, Unity Catalog), Apache Spark (PySpark, Spark SQL), Delta Lake. Azure: Data Factory, Data Lake Storage Gen2, Key Vault, Event Hubs, Synapse or SQL DB; Azure DevOps CI/CD for notebooks and jobs. Python and SQL at expert level; data modelling (dimensional, data vault) and ELT design. Orchestration (ADF, Airflow), data-quality frameworks (Great Expectations, DLT expectations), monitoring and alerting. Performance and cost tuning of Spark workloads; Git-based development and testing of pipelines. Nice to have Databricks Certified Data Engineer Professional; Azure DP-203. Streaming (Structured Streaming, Kafka / Event Hubs). dbt, Power BI semantic models, MLflow. Experience in financial services, sovereign wealth / investment holding or other regulated enterprise environments. Experience working with distributed teams (onsite UAE with nearshore India / offshore Poland squads). Other Languages English: C1 Advanced Seniority Senior"
Senior Data Engineer Iitjobs Inc.,Company Industry IT - Software Services,Experience 7 - 12 Years Job Location Muscat - Oman Education Any Graduation Nationality Any Nationality Vacancy 1 Vacancy,Experience 7 - 12 Years Job Location Muscat - Oman Education Any Graduation Nationality Any Nationality Vacancy 1 Vacancy,"Job Description Roles & Responsibilities We are looking for a skilled professional to join a leading Data, AI, and Digital Transformation organization that helps businesses leverage data, advanced analytics, artificial intelligence, and emerging technologies to drive innovation and business growth. You can also refer a candidate and earn an exciting bonus of 50,000! Job Type: Contract-to-hire Location: Oman Experience: 7+ Years Required Skills: 7+ years of experience in SSIS, SQL Server, ETL, and data engineering. Strong hands-on experience with SSIS development and T-SQL. Strong knowledge of stored procedures, views, functions, triggers, and SQL scripting. Experience with SQL query optimization and performance tuning. Experience handling large datasets and complex ETL workflows. Strong understanding of ETL concepts and data warehousing. Experience with data migration, reconciliation, and validation. Strong debugging and production troubleshooting skills. Experience with SQL Server Agent and ETL job scheduling. Good understanding of database connectivity and source/target systems. Mandatory Skills: SQL Server Integration Services, Advance SQL, Sql / T-Sql, ETL Development, Data Migration"
Senior Data Engineer Iitjobs Inc.,Company Industry IT - Software Services,Experience 7 - 10 Years Job Location Muscat - Oman Education Bachelor of Science(Computers) Nationality Any Nationality Vacancy 1 Vacancy,Experience 7 - 10 Years Job Location Muscat - Oman Education Bachelor of Science(Computers) Nationality Any Nationality Vacancy 1 Vacancy,"Job Description Roles & Responsibilities SSIS & ETL Development Design and develop robust SSIS packages and ETL workflows. Develop data extraction, transformation, and loading processes from multiple sources. Implement incremental loads, error handling, logging, auditing, and restart mechanisms. Develop reusable ETL components and frameworks. Develop complex T-SQL queries, stored procedures, views, functions, and scripts. Roles & Responsibilities 5+ years of experience in SSIS, SQL Server, ETL, and data engineering. Strong hands-on experience with SSIS development and T-SQL. Strong knowledge of stored procedures, views, functions, triggers, and SQL scripting. Experience with SQL query optimization and performance tuning."
Senior Data Engineer (Flink) SSC Egypt,Company Industry ConsultingManagement ConsultingAdvisory Services,Experience 3 - 8 Years Job Location Cairo - Egypt Education Bachelor of Science(Computers) Nationality Any Nationality Vacancy 1 Vacancy,Experience 3 - 8 Years Job Location Cairo - Egypt Education Bachelor of Science(Computers) Nationality Any Nationality Vacancy 1 Vacancy,"Job Description Roles & Responsibilities Builds and runs real time streaming pipelines, keeping latency low and jobs recoverable at high volume. Strong hands on Apache Flink across DataStream API and Flink SQL. Event time processing, checkpointing, savepoints, and state management in production. High volume Kafka streaming. Data modelling for analytics and streaming into a lakehouse. Monitors pipeline health and handles recovery when jobs fail."
Data Engineer Snowflake Capco,Company Industry BankingFinancial ServicesBroking,Experience 5 - 10 Years Job Location Qatar - Qatar Education Bachelor of Science(Computers) Nationality Any Nationality Vacancy 1 Vacancy,Experience 5 - 10 Years Job Location Qatar - Qatar Education Bachelor of Science(Computers) Nationality Any Nationality Vacancy 1 Vacancy,"Job Description Roles & Responsibilities Shape the future of data platforms by delivering modern, cloud-native engineering solutions that enable leading financial institutions to unlock the full value of their data. The Role Capco is a global technology and business consultancy, focused on the financial services and energy sectors. We combine innovative thinking with deep industry expertise to help our clients solve complex business and technology challenges. We are looking for a Senior Consultant Data Engineer with strong Snowflake expertise to join our growing Data & Analytics practice in Doha. You will work closely with clients to design, build and optimise modern cloud-based data platforms, enabling advanced analytics, regulatory reporting and data-driven decision-making. As a Senior Consultant, you will combine technical delivery with client engagement, helping organisations modernise their data landscape while mentoring junior colleagues and contributing to Capco's collaborative consulting culture. What You'll Do Design, develop and optimise scalable data pipelines and cloud-native data platforms using Snowflake and modern data engineering technologies. Build robust ELT/ETL solutions, integrating data from multiple enterprise sources while ensuring quality, security and governance. Collaborate with business stakeholders, architects and cross-functional delivery teams to translate business requirements into technical solutions. Optimise Snowflake performance, cost management and data modelling to deliver efficient, high-performing data platforms. Support client engagements through technical leadership, solution design, mentoring team members and contributing to successful project delivery."
Data Engineer CME,Company Industry IT - Software Services,Experience 5 - 10 Years Job Location Beirut - Lebanon Education Bachelor of Science(Computers) Nationality Any Nationality Vacancy 1 Vacancy,Experience 5 - 10 Years Job Location Beirut - Lebanon Education Bachelor of Science(Computers) Nationality Any Nationality Vacancy 1 Vacancy,"Job Description Roles & Responsibilities Build resilient data pipelines using Medallion architecture principles. Manage and optimize open storage formats including Parquet, Iceberg, and Delta Lake. Design, develop, and maintain distributed data processing workloads using Databricks and Apache Spark. Perform database operations, optimization, and maintenance for PostgreSQL and SQLite environments. Ensure data quality, reliability, scalability, and performance across data platforms. Collaborate with data consumers and stakeholders to support reporting, analytics, and operational data requirements. Monitor, troubleshoot, and improve data infrastructure and pipeline performance. Follow data engineering best practices, coding standards, and documentation processes."
Senior Data Engineer Big Data Technology Solutions,Company Industry IT - Software Services,Experience 5 - 10 Years Job Location Dubai - United Arab Emirates Education Any Graduation Nationality Any Nationality Vacancy 1 Vacancy,Experience 5 - 10 Years Job Location Dubai - United Arab Emirates Education Any Graduation Nationality Any Nationality Vacancy 1 Vacancy,"Job Description Roles & Responsibilities We are seeking a highly skilled Senior Data Engineer to join our on-site team in the United Arab Emirates on a contract basis, providing expert technical and operational support for a complex enterprise data platform built on Informatica and Cloudera Hadoop technologies. In this role, you will be responsible for end-to-end support and maintenance of enterprise data engineering, ETL, data quality, metadata, and governance platforms, ensuring the stability, performance, and reliability of large-scale data processing and the production workflows that depend on them. You will develop, monitor, troubleshoot, and optimize Informatica workflows, mappings, applications, and data pipelines, while adm..."
Pyspark Data Engineer Clover Infotech,Company Industry IT - Software Services,Experience 1 - 5 Years Job Location Dubai - United Arab Emirates Education Bachelor of Science(Computers) Nationality Any Nationality Vacancy 4 Vacancies,Experience 1 - 5 Years Job Location Dubai - United Arab Emirates Education Bachelor of Science(Computers) Nationality Any Nationality Vacancy 4 Vacancies,"Job Description Roles & Responsibilities We are seeking a highly skilled Data Engineer with deep expertise in PySpark and the Cloudera Data Platform (CDP) to join our data engineering team. As a Data Engineer, you will be responsible for designing, developing, and maintaining scalable data pipelines that ensure high data quality and availability across the organization. This role requires a strong background in big data ecosystems, cloud-native tools, and advanced data processing techniques. The ideal candidate has hands-on experience with data ingestion, transformation, and optimization on the Cloudera Data Platform, along with a proven track record of implementing data engineering best practices. You will work closely with other data engineers to build solutions that drive impactful business insights. Responsibilities Data Pipeline Development: Design, develop, and maintain highly scalable and optimized ETL pipelines using PySpark on the Cloudera Data Platform, ensuring data integrity and accuracy. Data Ingestion: Implement and manage data ingestion processes from a variety of sources (e.g., relational databases, APIs, file systems) to the data lake or data warehouse on CDP. Data Transformation and Processing: Use PySpark to process, cleanse, and transform large datasets into meaningful formats that support analytical needs and business requirements. Performance Optimization: Conduct performance tuning of PySpark code and Cloudera components, optimizing resource utilization and reducing runtime of ETL processes. Data Quality and Validation: Implement data quality checks, monitoring, and validation routines to ensure data accuracy and reliability throughout the pipeline. Automation and Orchestration: Automate data workflows using tools like Apache Oozie, Airflow, or similar orchestration tools within the Cloudera ecosystem. Monitoring and Maintenance: Monitor pipeline performance, troubleshoot issues"
Lead Data Engineer Coforge,Company Industry IT - Software Services,Experience 5 - 10 Years Job Location Dubai - United Arab Emirates Education Bachelor of Technology/Engineering(Computers) Nationality Any Nationality Vacancy 1 Vacancy,Experience 5 - 10 Years Job Location Dubai - United Arab Emirates Education Bachelor of Technology/Engineering(Computers) Nationality Any Nationality Vacancy 1 Vacancy,"Job Description Roles & Responsibilities We at Coforge are looking for ""Lead Data Engineer"" for Dubai, UAE Location: Detailed Job Description Key Responsibilities: Design, develop, and maintain scalable data pipelines and ETL/ELT solutions. Build Data Lake, Data Warehouse, BI, and Analytics platforms. Convert business requirements into robust technical solutions. Ensure data quality, security, governance, and performance optimization. Perform code reviews, troubleshooting, and production support. Collaborate with cross-functional teams on architecture and data engineering best practices. Maintain metadata, data lineage, and data governance standards. Technical Skills: Cloud & Big Data: Azure, Cloudera, Hadoop, Spark, Scala, Hive, HBase, Kafka Data Engineering: Azure Data Factory (ADF), Databricks, Airflow, Apache NiFi, Oozie, Sqoop Storage & Processing: HDFS, ADLS Gen2, Snowflake, Streaming (Spark Streaming) Data Integration: SnapLogic, TIBCO Databases & BI: SQL, Power BI, MicroStrategy, Elasticsearch Version Control & DevOps: Git, Bitbucket, Azure DevOps File Formats: AVRO, PARQUET"
Linkedin,,,,
Facebook,,,,
Twitter,,,,
Data Entry Clerk Jobs in Dubai,"Data Entry Clerk Al Madina Hypermarket 2 - 4 YearsDubai - United Arab Emirates DATA ENTRY Enters and updates data in company systems, maintains records, and ensures accuracy and efficiency in documentation. Easy Apply 30+ days ago",Data Entry Clerk Jobs in Nearby Locations Data Entry Clerk Jobs in Abu Dhabi Data Entry Clerk Jobs in Sharjah,Filter Jobs by Experience 0 – 1 year (56)2 – 5 years (69),
Data Analytics Jobs in Dubai,"IT Executive Confidential Company 3 - 5 YearsDubai - United Arab Emirates (UAE) Responsible for IT support, managing cloud services, troubleshooting, and maintaining infrastructure while requiring a Bachelor's degree and relevant certifications. Easy Apply 17 Sep",Data Analytics Jobs in Nearby Locations Data Analytics Jobs in Abu Dhabi Data Analytics Jobs in Sharjah,Filter Jobs by Experience 2 – 5 years (75)6 – 10 years (76)11 – 15 years (27),
Data Administrator Jobs in Dubai,"Data Entry Operator Confidential Company 0 - 5 YearsDubai - United Arab Emirates (UAE) Responsible for accurate data entry and management, utilizing software tools, with strong organizational skills and attention to detail required. Easy Apply Employer Active 20 Sep",Data Administrator Jobs in Nearby Locations Data Administrator Jobs in Abu Dhabi Data Administrator Jobs in Sharjah,Filter Jobs by Experience 0 – 1 year (223)2 – 5 years (564)6 – 10 years (354)11 – 15 years (69),
Data Management Jobs in Dubai,"Data Entry Operator Confidential Company 0 - 5 YearsDubai - United Arab Emirates (UAE) Responsible for accurate data entry and management, utilizing software tools, with strong organizational skills and attention to detail required. Easy Apply Employer Active 20 Sep",Data Management Jobs in Nearby Locations Data Management Jobs in Abu Dhabi Data Management Jobs in Sharjah,"DATA MANAGEMENT SECTION MANAGER- UAE NATIONAL TALENTS TIDE HUMAN RESOURCES CONSULTING 7 - 14 YearsDubai - United Arab Emirates (UAE) Lead data governance frameworks, manage data lifecycle, enforce data quality standards, and possess extensive experience in data management and UAE regulations. 9 Sep",
Data Warehousing Jobs in Dubai,"Financial Business Analyst Confidential Company 7 - 13 YearsDubai - United Arab Emirates (UAE) Seeking a Business Analyst with expertise in payment gateways, financial reconciliation, and data integration, proficient in SQL and Power BI. Easy Apply 23 Aug",Data Warehousing Jobs in Nearby Locations Data Warehousing Jobs in Abu Dhabi,Filter Jobs by Experience 2 – 5 years (23)6 – 10 years (25),
Data Engineer Jobs in UAE,"Data Engineer/Test Confidential Company 5 - 10 YearsAbu Dhabi - United Arab Emirates (UAE) Design and maintain data pipelines, implement automated testing for data quality, and optimize data warehouse performance; requires proficiency in SQL and programming skills. Easy Apply 2 Sep",Data Engineer Jobs in Nearby Locations Data Engineer Jobs in Dubai Data Engineer Jobs in Abu Dhabi,Filter Jobs by Experience 2 – 5 years (70)6 – 10 years (102)11 – 15 years (36),
Data Engineer Jobs in Saudi Arabia,"Senior Specialist - Data Engineering Qiddiya Investment Company 1 - 7 YearsRiyadh - Saudi Arabia As a Senior Data Engineer, you will use various methods to transform raw data into useful data systems. Collaborate closely with cross-functional teams to ensure the availabilit... 30+ days ago",Data Engineer Jobs in Nearby Locations Data Engineer Jobs in Riyadh Data Engineer Jobs in Jeddah,Filter Jobs by Experience 2 – 5 years (27)6 – 10 years (42),
Data Engineer Jobs in Dubai,Senior Technician Application Operations Support Confidential Company,Data Engineer Jobs in Nearby Locations Data Engineer Jobs in Abu Dhabi,Filter Jobs by Experience 2 – 5 years (40)6 – 10 years (57)11 – 15 years (23),
Work from Home Jobs,Home Cook(Lady) – Live-In (Stay-In) Confidential Company,Filter Jobs by Location United Arab Emirates (UAE) (643)Saudi Arabia (158)Dubai (420)Abu Dhabi (132)Riyadh (90)Cairo (51),Filter Jobs by Experience 0 – 1 year (383)2 – 5 years (952)6 – 10 years (632)11 – 15 years (130)16 – 20 years (39),
Part Time Jobs,"Quality Officer (PART TIME) - Emirati National Confidential Company 0 - 4 YearsDubai - United Arab Emirates (UAE) Monitor compliance with quality standards, conduct inspections, prepare reports, and support ISO 9001 adherence; UAE National with quality experience preferred. Easy Apply 8 Sep",Filter Jobs by Location United Arab Emirates (UAE) (143)Lebanon (60)Dubai (102)Abu Dhabi (28)Riyadh (21)Beirut (20),"Quality Officer (PART TIME) - Emirati National Confidential Company 0 - 4 YearsDubai - United Arab Emirates (UAE) Monitor compliance with quality standards, conduct inspections, prepare reports, and support ISO 9001 adherence; UAE National with quality experience preferred. Easy Apply 8 Sep",
Freelance Jobs,,Filter Jobs by Location United Arab Emirates (UAE) (81)Saudi Arabia (54)Dubai (54),Filter Jobs by Experience 0 – 1 year (136)2 – 5 years (208)6 – 10 years (101),
Online Teaching Jobs,"Online Tutoring & Customer Service Professional No company yet 0 - 2 YearsSharjah - United Arab Emirates (UAE) Responsible for online tutoring, student support, and mentoring with skills in active listening, cross-cultural communication, and problem solving. Easy Apply 5 Sep",,Refine Search Sort By RelevanceDate Country United Arab Emirates (UAE)(16) Saudi Arabia(6) Kuwait(3) Egypt(1) China(1) Lebanon(1) City Dubai(9) Riyadh(6) Sharjah(6) Al Madina Al Munawarah(1) View More Industry Job Titles Freshness Experience Gender Monthly Salary Nationality Employers,
Fresher Jobs,Sales Executive - Refrigerated Trucks - Freshers can apply (Engineer) Confidential Company,Filter Jobs by Location United Arab Emirates (UAE) (525)Saudi Arabia (135)Dubai (352)Abu Dhabi (95)Cairo (71)Riyadh (61),Filter Jobs by Experience 0 – 1 year (734)2 – 5 years (879)6 – 10 years (272)11 – 15 years (27),
Linkedin,,,,
Facebook,,,,
Twitter,,,,
Linkedin,,,,
Facebook,,,,
Twitter,,,,
